Name,Date,First,High,Low,Close,Value,Volume,Open,Last
S*HiWeb,20200728,42760,42760,41160,41470,8.19189E+11,19753307,43320,41160
S*HiWeb,20200727,43500,45670,41340,43320,1.56886E+12,36215229,40880,42700
S*HiWeb,20200725,40880,40880,40600,40880,1.14403E+12,27987542,38940,40880
S*HiWeb,20200722,38500,39000,38500,38940,5.86091E+11,15049493,37150,39000
S*HiWeb,20200721,36760,37810,35010,37150,1.45296E+12,39105352,36010,36980
S*HiWeb,20200720,34640,36540,33500,36010,1.82574E+12,50697499,34800,36250
S*HiWeb,20200719,35180,35180,33000,34800,1.41207E+12,40580616,33510,33830
S*HiWeb,20200718,33510,33510,33510,33510,2.97762E+11,8885777,31920,33510
S*HiWeb,20200715,31990,31990,31200,31920,7.97018E+11,24972762,30470,31990
S*HiWeb,20200714,30510,30510,29750,30470,1.07506E+12,35278706,29060,30510
S*HiWeb,20200713,28500,29780,27790,29060,9.91E+11,34103489,28370,29780
S*HiWeb,20200712,28420,28420,27470,28370,5.23378E+11,18448527,27070,28370
S*HiWeb,20200711,25550,28230,25550,27070,1.07823E+12,39827648,26890,28230
S*HiWeb,20200708,27210,27500,26740,26890,5.0436E+11,18756648,28140,26740
S*HiWeb,20200707,29400,29400,27770,28140,1.13699E+12,40401432,29230,27770
S*HiWeb,20200706,29300,29300,28700,29230,1.50113E+12,51348751,27910,29300
S*HiWeb,20200705,26610,29050,26600,27910,9.53088E+11,34151634,27750,27910
S*HiWeb,20200704,29840,29840,27130,27750,9.58329E+11,34539500,28550,27130
S*HiWeb,20200701,28710,28710,27570,28550,9.8271E+11,34423656,27350,28700
S*HiWeb,20200630,27170,27420,27100,27350,3.01081E+11,11007633,26120,27420
S*HiWeb,20200629,26000,26500,26000,26120,1.00956E+12,38656719,27360,26230
S*HiWeb,20200628,28400,28440,27210,27360,9.21067E+11,33663431,28640,27210
S*HiWeb,20200627,28570,29510,27850,28640,8.54444E+11,29836815,28780,28000
S*HiWeb,20200624,28500,29560,27910,28780,1.09702E+12,38112181,29250,28510
S*HiWeb,20200623,29500,31000,28170,29250,1.5183E+12,51900153,29650,28170
S*HiWeb,20200622,29700,29700,28800,29650,1.04882E+12,35367826,28290,29700
S*HiWeb,20200621,28400,28570,27250,28290,6.53309E+11,23090339,27210,28570
S*HiWeb,20200620,27210,27210,27210,27210,3.54141E+11,13015123,25920,27210
S*HiWeb,20200616,25050,26300,24450,25920,7.17747E+11,27688151,25050,26300
S*HiWeb,20200615,26000,26800,24500,25050,8.9304E+11,35643354,25780,24850
S*HiWeb,20200614,26900,26900,25600,25780,8.41035E+11,32628074,26940,26110
S*HiWeb,20200613,27000,27600,26330,26940,5.70696E+11,21182007,26331,26680
S*HiWeb,20200610,25800,26452,25123,26331,8.81618E+11,33481757,25193,26452
S*HiWeb,20200609,25550,26350,24870,25193,9.32743E+11,37023813,26178,25198
S*HiWeb,20200608,28686,28686,25954,26178,6.94325E+11,26523245,27320,25954
S*HiWeb,20200607,27800,28000,26848,27556,9.61679E+11,34899192,26848,27170
S*HiWeb,20200606,26299,27613,25100,26848,1.02352E+12,38123524,23637,27335
S*HiWeb,20200602,23653,23653,22890,23637,3.43095E+11,14515069,22527,23653
S*HiWeb,20200601,22300,22672,21590,22527,4.36728E+11,19387015,21593,22672
S*HiWeb,20200531,22150,22150,20400,21593,6.34894E+11,29402401,21096,21599
S*HiWeb,20200530,21096,21096,21096,21096,1.40472E+11,6658711,20092,21096
S*HiWeb,20200527,18800,20606,18800,20092,4.60625E+11,22925723,19625,20606
S*HiWeb,20200526,19693,20469,19451,19625,1.6123E+11,8215472,20440,19451
S*HiWeb,20200523,21300,21300,20406,20474,3.81323E+11,18624480,21480,20469
S*HiWeb,20200520,22062,22480,20959,21480,7.18653E+11,33456610,23223,21900
S*HiWeb,20200519,23830,23830,22022,23223,8.43058E+11,36302389,22696,22293
S*HiWeb,20200518,22714,22714,22004,22696,5.63857E+11,24844055,21633,22714
S*HiWeb,20200517,21261,21715,20501,21633,9.06098E+11,41885528,20681,21715
S*HiWeb,20200516,20050,21132,19706,20681,1.17353E+12,56743609,20126,21132
S*HiWeb,20200513,19823,21499,19823,20126,1.6246E+12,80719741,20866,19835
S*HiWeb,20200512,20866,20866,20866,20866,1.96023E+11,9394368,21964,20866
S*HiWeb,20200511,21964,21964,21964,21964,2.21756E+11,10096323,23119,21964
S*HiWeb,20200510,24300,24300,22764,23119,6.2823E+11,27173177,23962,22764
S*HiWeb,20200509,23300,24405,23202,23962,1.26063E+12,52609379,23243,23800
S*HiWeb,20200506,23243,23243,23243,23243,3.03637E+11,13063585,24466,23243
S*HiWeb,20200505,25000,25555,23585,24466,4.86945E+11,19902649,24826,23585
S*HiWeb,20200504,23700,24885,23700,24826,6.62502E+11,26686084,24515,24885
S*HiWeb,20200503,24524,24524,24221,24515,1.51704E+12,61881739,23357,24524
S*HiWeb,20200502,23300,23424,22800,23357,6.75748E+11,28930996,22309,23424
S*HiWeb,20200429,21580,22513,21300,22309,9.4006E+11,42138947,21441,22497
S*HiWeb,20200428,21890,22009,20994,21441,9.49852E+11,44301747,21909,21140
S*HiWeb,20200427,21700,22498,21000,21909,8.53948E+11,38977851,21564,21889
S*HiWeb,20200426,21835,21835,19990,21564,2.0496E+12,95046827,20796,21835
S*HiWeb,20200425,20796,20796,20796,20796,1.24914E+11,6006639,19806,20796
S*HiWeb,20200422,19000,20178,18700,19806,6.48863E+11,32760933,19218,20178
S*HiWeb,20200421,19898,19899,18800,19218,8.44249E+11,43929050,19542,19019
S*HiWeb,20200420,18902,20200,18800,19542,1.31644E+12,67365276,19359,19192
S*HiWeb,20200419,19817,19817,18200,19359,2.06064E+12,106442247,18874,18355
S*HiWeb,20200418,18874,18874,18874,18874,59356219758,3144867,17976,18874
S*HiWeb,20200415,17976,17976,17976,17976,85770902112,4771412,17120,17976
S*HiWeb,20200414,16400,17557,16011,17120,5.05E+11,29497671,16721,17557
S*HiWeb,20200413,17100,17251,16460,16721,1.16872E+12,69893784,17326,16910
S*HiWeb,20200412,17700,18499,16815,17326,1.44397E+12,83340043,15505,16815
S*HiWeb,20200408,15507,15507,15168,15505,2.09559E+11,13515830,14769,15211
S*HiWeb,20200407,14800,15168,13901,14769,1.57966E+12,106955293,14446,15168
S*HiWeb,20200406,14848,14937,13851,14446,2.01281E+12,139337214,14226,14255
S*HiWeb,20200405,14226,14226,14226,14226,68634688470,4824595,13549,14226
S*HiWeb,20200404,13615,13615,13615,13549,47139949710,3462354,12967,13615
S*HiWeb,20200330,12967,12967,12967,12967,1.74436E+11,13452336,12350,12967
S*HiWeb,20200329,12350,12350,12350,12350,1.19531E+11,9678631,11762,12350
S*HiWeb,20200328,11762,11762,11762,11762,98530779766,8377043,11202,11762
S*HiWeb,20200325,11202,11202,11202,11202,84091576872,7506836,10669,11202
S*HiWeb,20200324,10451,10689,10451,10669,1.29413E+11,12130317,10180,10689
S*HiWeb,20200318,10145,10288,10080,10180,1.9742E+11,19393613,10080,10279
S*HiWeb,20200317,10198,10280,9693,10080,2.54879E+11,25284387,9953,10079
S*HiWeb,20200316,9710,9963,9710,9953,2.58298E+11,25951939,9489,9963
S*HiWeb,20200315,9545,9798,9343,9489,2.46867E+11,26016515,9834,9525
S*HiWeb,20200314,10300,10300,9780,9834,1.39298E+11,14164987,10294,9780
S*HiWeb,20200311,10250,10399,10170,10294,1.76143E+11,17111138,9965,10250
S*HiWeb,20200310,9830,10350,9815,9965,2.98086E+11,29912407,10331,9826
S*HiWeb,20200309,10345,10550,10303,10331,1.37874E+11,13346228,10845,10303
S*HiWeb,20200307,10900,11374,10605,10845,4.3387E+11,40005412,11163,10605
S*HiWeb,20200304,11211,11211,10840,11163,5.38205E+11,48215111,10678,11211
S*HiWeb,20200303,10434,10869,10280,10678,6.32014E+11,59186056,10352,10869
S*HiWeb,20200302,10490,10500,10262,10352,3.61117E+11,34885127,10170,10290
S*HiWeb,20200301,10000,10210,9888,10170,3.12873E+11,30763601,9724,10210
S*HiWeb,20200229,9849,9950,9604,9724,3.98077E+11,40938578,10109,9876
S*HiWeb,20200226,10285,10285,9982,10109,4.94183E+11,48883631,10198,10000
S*HiWeb,20200225,10300,10396,10010,10198,4.83098E+11,47371638,10174,10190
S*HiWeb,20200224,10306,10480,10001,10174,4.17838E+11,41069927,10375,10110
S*HiWeb,20200223,10447,10661,10195,10375,5.44886E+11,52517418,10296,10229
S*HiWeb,20200222,9713,10555,9713,10296,4.00728E+11,38922225,10154,10377
S*HiWeb,20200219,9929,10190,9880,10154,3.33499E+11,32844397,9705,10190
S*HiWeb,20200218,9910,9941,9517,9705,6.26789E+11,64582623,10017,9830
S*HiWeb,20200217,10220,10300,9870,10017,7.02432E+11,70121743,10389,9890
S*HiWeb,20200216,10641,10641,10109,10389,7.62509E+11,73395737,11201,10322
S*HiWeb,20200215,11590,11590,10802,11201,8.45081E+11,75446699,11148,11010
S*HiWeb,20200212,11149,11149,10934,11148,9.94313E+11,89189568,10619,11149
S*HiWeb,20200210,10390,10666,10250,10619,1.28431E+12,120944824,10159,10666
S*HiWeb,20200209,10008,10299,9918,10159,5.31433E+11,52310354,10005,10240
S*HiWeb,20200208,10150,10350,9830,10005,3.96121E+11,39592069,10097,9913
S*HiWeb,20200205,10001,10339,9999,10097,3.10338E+11,30735157,10071,10069
S*HiWeb,20200204,10499,10499,9873,10071,4.02978E+11,40012468,10392,10027
S*HiWeb,20200203,10401,10600,10200,10392,3.82693E+11,36827328,10265,10353
S*HiWeb,20200202,10101,10480,9951,10265,4.1281E+11,40214511,10208,10245
S*HiWeb,20200201,10298,10526,10000,10208,3.50736E+11,34359083,10166,10087
S*HiWeb,20200128,10112,10540,9999,10166,4.40727E+11,43354394,10264,10020
S*HiWeb,20200127,10400,10499,10111,10264,3.63364E+11,35402376,10643,10112
S*HiWeb,20200126,10978,11205,10350,10643,6.439E+11,60502396,10882,10388
S*HiWeb,20200125,10798,11284,10700,10882,5.20687E+11,47846714,10284,10800
S*HiWeb,20200122,10100,10588,9901,10284,4.94492E+11,48085422,10287,10300
S*HiWeb,20200121,10325,10328,10000,10287,1.64653E+12,160067154,9837,10140
S*HiWeb,20200120,9301,9872,9250,9837,1.91413E+12,194584502,9402,9872
S*HiWeb,20200119,9332,9612,9100,9402,2.60268E+11,27683520,9438,9257
S*HiWeb,20200118,9260,9640,9220,9438,2.79769E+11,29644264,9193,9320
S*HiWeb,20200115,9120,9328,8952,9193,2.15018E+11,23388539,9061,9120
S*HiWeb,20200114,9290,9290,8856,9061,2.46001E+11,27150844,9224,9091
S*HiWeb,20200113,9201,9400,9088,9224,2.75133E+11,29826503,9086,9200
S*HiWeb,20200112,8683,9117,8683,9086,2.86183E+11,31496299,8270,9117
S*HiWeb,20200107,8350,8632,8201,8270,2.44122E+11,29520567,8632,8201
S*HiWeb,20200105,8621,8850,8621,8632,2.51313E+11,29112516,9074,8621
S*HiWeb,20200104,9074,9074,9074,9074,50736735634,5591441,9551,9074
S*HiWeb,20200101,9521,9799,9378,9551,3.08077E+11,32256144,9560,9550
S*HiWeb,20191231,9800,9849,9225,9560,4.24103E+11,44359982,9513,9500
S*HiWeb,20191230,9202,9553,9202,9513,2.09679E+11,22041433,9099,9553
S*HiWeb,20191229,9149,9200,8900,9099,3.7572E+11,41293492,8995,9148
S*HiWeb,20191228,8860,9089,8860,8995,2.83141E+11,31478534,8798,9050
S*HiWeb,20191225,8947,8947,8687,8798,2.52361E+11,28683448,8791,8825
S*HiWeb,20191224,8850,8990,8620,8791,2.82986E+11,32192073,8784,8822
S*HiWeb,20191223,8950,9100,8558,8784,2.7767E+11,31610287,9008,8799
S*HiWeb,20191222,9210,9284,8892,9008,2.3089E+11,25631036,9076,8950
S*HiWeb,20191221,8801,9285,8740,9076,4.22907E+11,46593974,8843,9126
S*HiWeb,20191218,8880,9056,8720,8843,1.72607E+11,19518386,8911,8768
S*HiWeb,20191217,9089,9089,8795,8911,1.61243E+11,18095638,9017,8887
S*HiWeb,20191216,9092,9101,8900,9017,1.2197E+11,13526388,8996,8931
S*HiWeb,20191215,8997,9150,8843,8996,1.81897E+11,20219675,8856,9011
S*HiWeb,20191214,8990,8990,8761,8856,1.90371E+11,21495341,8936,8900
S*HiWeb,20191211,8801,9100,8740,8936,1.13497E+11,12701330,8963,8897
S*HiWeb,20191210,8901,9201,8712,8963,1.92611E+11,21490526,8933,8718
S*HiWeb,20191209,9087,9087,8851,8933,1.24018E+11,13882526,9089,8900
S*HiWeb,20191208,9000,9255,8901,9089,1.59916E+11,17594802,9104,8999
S*HiWeb,20191207,9190,9268,8958,9104,1.83027E+11,20103232,8835,9000
S*HiWeb,20191204,8600,8950,8600,8835,2.57552E+11,29150248,8683,8925
S*HiWeb,20191203,8717,8850,8565,8683,1.14454E+11,13180707,8827,8590
S*HiWeb,20191202,8987,9150,8561,8827,1.30497E+11,14784169,8804,8720
S*HiWeb,20191201,8699,8988,8530,8804,1.47207E+11,16720833,8691,8934
S*HiWeb,20191130,8870,8904,8521,8691,2.06652E+11,23776627,8603,8635
S*HiWeb,20191127,8389,8655,8350,8603,2.71336E+11,31541326,8243,8655
S*HiWeb,20191126,8000,8270,7985,8243,2.87095E+11,34829387,7877,8270
S*HiWeb,20191125,7800,7955,7755,7877,77041181646,9780412,7782,7890
S*HiWeb,20191124,7899,7930,7700,7782,80833893329,10386911,7937,7737
S*HiWeb,20191123,8033,8100,7790,7937,34306173200,4322567,8012,7851
S*HiWeb,20191120,7935,8100,7900,8012,65031725600,8116376,7862,8033
S*HiWeb,20191119,7672,7919,7672,7862,81371501433,10349706,7558,7860
S*HiWeb,20191118,7290,7797,7290,7558,96934239861,12824790,7584,7790
S*HiWeb,20191117,7577,7780,7577,7584,1.16945E+11,15419443,7975,7577
S*HiWeb,20191116,8160,8230,7750,7975,62385058449,7822703,8149,7800
S*HiWeb,20191113,8180,8250,8001,8149,67081481476,8231930,8082,8141
S*HiWeb,20191112,7980,8180,7930,8082,68546864695,8481586,7797,8050
S*HiWeb,20191111,7899,7942,7660,7797,53263145710,6831489,7911,7930
S*HiWeb,20191110,7920,8025,7759,7911,39418830219,4982488,8045,7900
S*HiWeb,20191109,8002,8249,7930,8045,79504332335,9882695,8065,7971
S*HiWeb,20191105,8210,8291,7950,8065,86328158231,10703781,8336,8000
S*HiWeb,20191104,8530,8590,8096,8336,57447128913,6891470,8454,8194
S*HiWeb,20191103,8339,8620,8220,8454,1.06236E+11,12566166,8250,8381
S*HiWeb,20191102,8490,8490,8112,8250,59949377086,7266269,8468,8244
S*HiWeb,20191030,8399,8600,8360,8468,63702049044,7522400,8357,8420
S*HiWeb,20191028,8400,8443,8201,8357,53106036021,6354686,8161,8397
S*HiWeb,20191026,7934,8284,7800,8161,1.502E+11,18404289,7890,8275
S*HiWeb,20191023,8020,8099,7650,7890,77105711599,9772420,7831,7800
S*HiWeb,20191022,7863,7863,7655,7831,1.38631E+11,17702229,7489,7863
S*HiWeb,20191021,7230,7721,7040,7489,1.51059E+11,20171290,7354,7721
S*HiWeb,20191020,7501,7755,7266,7354,1.06772E+11,14519847,7648,7266
S*HiWeb,20191016,7730,8048,7572,7648,2.00035E+11,26154346,7970,7572
S*HiWeb,20191015,8350,8400,7866,7970,73489298337,9221143,8280,7866
S*HiWeb,20191014,8460,8598,8200,8280,87535594789,10571988,8631,8231
S*HiWeb,20191013,8926,8970,8412,8631,87421084274,10128917,8849,8460
S*HiWeb,20191012,8850,8990,8730,8849,87638943924,9903691,8570,8774
S*HiWeb,20191009,8700,8750,8461,8570,2.02484E+11,23627790,8906,8688
S*HiWeb,20191008,9290,9400,8813,8906,1.40406E+11,15765431,9276,8813
S*HiWeb,20191007,9280,9559,8932,9276,2.78819E+11,30058304,9387,9148
S*HiWeb,20191006,9790,9790,9380,9387,2.04702E+11,21806457,9873,9380
S*HiWeb,20191005,9870,10000,9594,9873,2.48344E+11,25154423,9667,9700
S*HiWeb,20191002,9710,9978,9528,9667,3.45348E+11,35726227,10029,9660
S*HiWeb,20191001,10200,10249,9719,10029,4.02952E+11,40178559,10230,9719
S*HiWeb,20190930,10650,10650,10050,10230,5.39743E+11,52761543,10383,10130
S*HiWeb,20190929,10615,10650,10050,10383,3.40631E+11,32805716,10470,10448
S*HiWeb,20190928,10492,10495,10105,10470,5.9257E+11,56595789,9996,10490
S*HiWeb,20190925,9990,10007,9720,9996,5.39885E+11,54009503,9531,10007
S*HiWeb,20190924,9200,9556,9200,9531,3.96734E+11,41623618,9101,9556
S*HiWeb,20190923,9080,9170,8940,9101,1.50666E+11,16554896,9051,9082
S*HiWeb,20190922,9200,9298,8920,9051,1.28508E+11,14198668,9115,9039
S*HiWeb,20190921,8900,9250,8900,9115,1.04281E+11,11440839,9122,9070
S*HiWeb,20190918,9400,9477,9086,9122,1.76973E+11,19399674,9564,9086
S*HiWeb,20190917,9899,9980,9410,9564,2.56462E+11,26816218,9564,9535
S*HiWeb,20190916,9450,9583,9349,9564,3.47664E+11,36351005,9127,9583
S*HiWeb,20190915,9000,9348,8702,9127,1.57462E+11,17251518,9159,9190
S*HiWeb,20190914,9140,9300,9051,9159,1.21542E+11,13270850,9072,9067
S*HiWeb,20190911,9259,9300,8971,9072,72608194066,8003133,9091,9150
S*HiWeb,20190908,9100,9300,8900,9091,1.11686E+11,12285824,9027,9200
S*HiWeb,20190907,8990,9174,8770,9027,1.49766E+11,16590224,8739,9101
S*HiWeb,20190904,8588,8771,8578,8739,35142627695,4021253,8354,8771
S*HiWeb,20190903,8568,8568,8122,8354,83503993512,9995202,8549,8469
S*HiWeb,20190902,8890,8890,8250,8549,83030374708,9712731,8669,8567
S*HiWeb,20190901,8750,8787,8500,8669,79084681342,9122635,8722,8600
S*HiWeb,20190831,8820,9090,8480,8722,1.19865E+11,13743549,8808,8600
S*HiWeb,20190828,8800,9060,8700,8808,1.10265E+11,12518154,9136,8780
S*HiWeb,20190827,9200,9390,8872,9136,1.55911E+11,17066208,9164,8988
S*HiWeb,20190826,9339,9339,9000,9164,1.41245E+11,15412784,9260,9080
S*HiWeb,20190825,9569,9599,9175,9260,1.51209E+11,16329998,9657,9270
S*HiWeb,20190824,9780,9990,9506,9657,1.24618E+11,12903783,9601,9524
S*HiWeb,20190821,9271,9631,9271,9601,1.50996E+11,15726394,9173,9631
S*HiWeb,20190819,8948,9469,8804,9173,1.40158E+11,15278904,9065,9340
S*HiWeb,20190818,8900,9123,8852,9065,2.80604E+11,30954642,8689,8948
S*HiWeb,20190817,8700,8977,8501,8689,1.66368E+11,19146471,8738,8813
S*HiWeb,20190814,8987,8987,8641,8738,1.19346E+11,13658163,8922,8650
S*HiWeb,20190813,8821,9180,8802,8922,1.22785E+11,13761541,8856,8810
S*HiWeb,20190811,8899,8998,8762,8856,2.06972E+11,23369659,8999,8919
S*HiWeb,20190810,9074,9330,8700,8999,1.55659E+11,17298168,9019,8801
S*HiWeb,20190807,8930,9074,8770,9019,3.08047E+11,34155604,8642,9074
S*HiWeb,20190806,8654,8655,8460,8642,4.3679E+11,50544331,8243,8655
S*HiWeb,20190805,7900,8417,7879,8243,2.27424E+11,27589532,8017,8417
S*HiWeb,20190804,8200,8200,7822,8017,2.79637E+11,34879037,8071,7920
S*HiWeb,20190803,8100,8296,7801,8071,7.82649E+11,96972363,6913,8150
S*HiWeb,20190611,6750,7080,6630,6933,2.31389E+11,33374177,6808,7080
S*HiWeb,20190610,6930,7010,6620,6808,1.61059E+11,23656238,6746,6702
S*HiWeb,20190609,6444,6791,6425,6746,2.00158E+11,29672331,6530,6791
S*HiWeb,20190608,6501,6596,6372,6530,1.95235E+11,29897736,6343,6397
S*HiWeb,20190603,6193,6423,6190,6343,1.53477E+11,24195706,6176,6423
S*HiWeb,20190602,6112,6197,6076,6176,1.30222E+11,21086051,5959,6120
S*HiWeb,20190601,5875,6062,5805,5959,2.11611E+11,35510029,5829,6062
S*HiWeb,20190529,5924,5950,5750,5829,49088138848,8421190,5879,5780
S*HiWeb,20190528,5861,5939,5841,5879,68813162860,11705551,5804,5901
S*HiWeb,20190526,5850,5890,5794,5804,1.36679E+11,23550367,5912,5794
S*HiWeb,20190525,5800,5997,5780,5912,58493815577,9894443,5775,5840
S*HiWeb,20190522,5884,5885,5700,5775,63946626154,11072085,5885,5772
S*HiWeb,20190521,5905,5960,5803,5885,40112316540,6815969,5881,5820
S*HiWeb,20190520,5985,6010,5800,5881,57342964002,9750382,5921,5840
S*HiWeb,20190519,5799,5985,5731,5921,1.22854E+11,20750319,5755,5985
S*HiWeb,20190518,5740,5849,5630,5755,1.21979E+11,21195717,5628,5700
S*HiWeb,20190515,5900,5900,5606,5628,1.93635E+11,34404434,5839,5606
S*HiWeb,20190514,5800,5949,5763,5839,65629633291,11239324,5753,5799
S*HiWeb,20190513,5570,5770,5570,5753,83176978302,14457327,5549,5770
S*HiWeb,20190512,5749,5749,5523,5549,93962890455,16934024,5753,5550
S*HiWeb,20190511,5902,6050,5660,5753,1.09274E+11,18994243,5895,5660
S*HiWeb,20190508,5813,6050,5811,5895,1.30316E+11,22106138,6053,5950
S*HiWeb,20190507,6102,6112,6041,6053,51235658511,8463983,6292,6041
S*HiWeb,20190506,6354,6442,6257,6292,89578028036,14236341,6517,6257
S*HiWeb,20190505,6449,6649,6310,6517,2.32975E+11,35749221,6394,6400
S*HiWeb,20190504,6250,6449,6221,6394,1.49404E+11,23367745,6201,6310
S*HiWeb,20190501,6068,6322,5969,6201,1.73723E+11,28015048,6083,6170
S*HiWeb,20190430,6147,6171,5987,6083,1.06304E+11,17474924,6099,6020
S*HiWeb,20190429,6173,6200,6050,6099,89112096283,14611258,6174,6080
S*HiWeb,20190428,6129,6310,6114,6174,88507909275,14335475,6099,6120
S*HiWeb,20190427,6100,6220,6012,6099,96645604931,15845221,6123,6115
S*HiWeb,20190424,6231,6250,6080,6123,1.04075E+11,16997327,6313,6081
S*HiWeb,20190423,6250,6416,6205,6313,1.06647E+11,16893056,6394,6220
S*HiWeb,20190422,6322,6478,5980,6394,6.66726E+11,104280012,6229,6260
S*HiWeb,20190420,6167,6259,6000,6229,4.64851E+11,74626647,6019,6259
S*HiWeb,20190417,5940,6048,5849,6019,4.97108E+11,82587881,5816,6048
S*HiWeb,20190416,5650,5892,5500,5816,4.44749E+11,76466143,5666,5892
S*HiWeb,20190415,5668,5710,5500,5666,1.87516E+11,33092098,5491,5598
S*HiWeb,20190414,5350,5538,5310,5491,1.25625E+11,22876514,5325,5538
S*HiWeb,20190413,5360,5390,5240,5325,1.16017E+11,21788741,5259,5328
S*HiWeb,20190410,5245,5370,5191,5259,1.42071E+11,27013395,5187,5305
S*HiWeb,20190409,5245,5293,5142,5187,1.86444E+11,35943746,5356,5184
S*HiWeb,20190408,5459,5459,5307,5356,81140488367,15150225,5475,5350
S*HiWeb,20190407,5480,5551,5390,5475,73265817118,13382497,5490,5425
S*HiWeb,20190406,5456,5580,5381,5490,63612382506,11586553,5443,5450
S*HiWeb,20190331,5401,5519,5400,5443,36545518418,6714773,5378,5403
S*HiWeb,20190330,5301,5449,5301,5378,46085013309,8569611,5359,5423
S*HiWeb,20190327,5595,5595,5279,5359,1.01872E+11,19009488,5499,5330
S*HiWeb,20190326,5520,5610,5426,5499,50292879075,9146401,5482,5463
S*HiWeb,20190325,5439,5530,5400,5482,26254337930,4789488,5351,5488
S*HiWeb,20190319,5390,5439,5230,5351,76282005480,14255820,5368,5360
S*HiWeb,20190318,5500,5540,5315,5368,1.8691E+11,34817509,5536,5315
S*HiWeb,20190317,5620,5709,5431,5536,84963073886,15346587,5656,5492
S*HiWeb,20190316,5751,5811,5590,5656,61229765054,10825401,5783,5620
S*HiWeb,20190313,5800,5899,5650,5783,1.21754E+11,21055356,5744,5650
S*HiWeb,20190312,5548,5769,5502,5744,1.04412E+11,18176643,5548,5769
S*HiWeb,20190311,5596,5700,5480,5548,56518579194,10186407,5656,5522
S*HiWeb,20190310,5700,5772,5566,5656,51365640057,9080864,5782,5595
S*HiWeb,20190309,5930,5930,5693,5782,47968271277,8296478,5915,5693
S*HiWeb,20190305,5890,5950,5802,5915,75748558364,12806667,5722,5877
S*HiWeb,20190304,5592,5752,5550,5722,98869644170,17278990,5531,5752
S*HiWeb,20190303,5600,5619,5467,5531,41174412730,7444218,5504,5554
S*HiWeb,20190302,5660,5660,5465,5504,69203723884,12572350,5692,5540
S*HiWeb,20190227,5670,5769,5645,5692,57763329739,10148744,5581,5659
S*HiWeb,20190226,5450,5673,5352,5581,1.2836E+11,23000878,5455,5673
S*HiWeb,20190225,5613,5690,5383,5455,1.73728E+11,31849412,5607,5383
S*HiWeb,20190224,5580,5710,5580,5607,2.11685E+11,37750446,5812,5650
S*HiWeb,20190223,6000,6000,5770,5812,78504490207,13508427,6010,5770
S*HiWeb,20190220,6115,6150,5994,6010,3.56353E+11,59294961,6116,5995
S*HiWeb,20190219,6201,6250,6107,6116,78343138504,12810255,6231,6107
S*HiWeb,20190218,6249,6310,6112,6231,37356101346,5995376,6185,6118
S*HiWeb,20190217,6280,6280,6061,6185,1.03006E+11,16654963,6262,6249
S*HiWeb,20190216,6300,6388,6161,6262,69364032143,11076224,6296,6279
S*HiWeb,20190213,6325,6397,6260,6296,93894248462,14914280,6275,6280
S*HiWeb,20190212,6330,6360,6133,6275,97074800513,15469926,6346,6300
S*HiWeb,20190210,6300,6439,6280,6346,56085913346,8838618,6344,6330
S*HiWeb,20190206,6348,6348,6272,6344,5.4833E+11,86432399,6104,6280
S*HiWeb,20190205,6101,6247,6016,6104,2.95551E+11,48419189,6007,6247
S*HiWeb,20190204,6078,6091,5960,6007,3.05913E+11,50923511,6004,6050
S*HiWeb,20190203,6098,6106,5865,6004,79286207090,13205337,6101,5987
S*HiWeb,20190202,6189,6189,5980,6101,2.62016E+11,42944040,6106,6000
S*HiWeb,20190130,6140,6140,6026,6106,5.50201E+11,90110450,5904,6139
S*HiWeb,20190129,5800,5906,5740,5904,2.54263E+11,43068139,5679,5906
S*HiWeb,20190128,5790,5790,5649,5679,33325501138,5868128,5822,5698
S*HiWeb,20190127,5906,6000,5791,5822,44770012337,7689677,6026,5800
S*HiWeb,20190126,6110,6220,5900,6026,34230447250,5680464,6069,5930
S*HiWeb,20190123,5930,6118,5895,6069,33730205108,5557376,5883,6118
S*HiWeb,20190122,5760,5989,5750,5883,36289509106,6168930,5864,5949
S*HiWeb,20190121,5960,6000,5794,5864,52026459032,8872333,6035,5820
S*HiWeb,20190120,6279,6279,6011,6035,1.24697E+11,20663762,6261,6011
S*HiWeb,20190119,6289,6365,6200,6261,1.00637E+11,16073791,6203,6218
S*HiWeb,20190116,6300,6336,6070,6203,3.25336E+11,52449018,6306,6296
S*HiWeb,20190115,6552,6564,6269,6306,1.771E+11,28082953,6530,6270
S*HiWeb,20190114,6640,6643,6505,6530,47659286296,7298248,6590,6510
S*HiWeb,20190113,6643,6643,6557,6590,36489052946,5537260,6685,6580
S*HiWeb,20190112,6749,6775,6610,6685,48217630387,7212916,6726,6638
S*HiWeb,20190109,6651,6760,6650,6726,40657115043,6044413,6648,6717
S*HiWeb,20190108,6700,6700,6615,6648,32834466094,4939249,6740,6615
S*HiWeb,20190107,6810,6820,6670,6740,42399514093,6291070,6765,6700
S*HiWeb,20190106,6700,6820,6651,6765,76527534584,11312347,6717,6741
S*HiWeb,20190105,6650,6810,6600,6717,63232832509,9413242,6717,6648
S*HiWeb,20190102,6800,6849,6620,6717,83213409166,12389262,6887,6700
S*HiWeb,20190101,6890,6988,6750,6887,89592251142,13009768,6720,6760
S*HiWeb,20181231,6599,6836,6470,6720,1.13004E+11,16816268,6574,6836
S*HiWeb,20181230,6679,6679,6530,6574,54249944504,8252285,6672,6578
S*HiWeb,20181229,6625,6780,6615,6672,42742580771,6405874,6622,6620
S*HiWeb,20181226,6780,6849,6592,6622,1.83875E+11,27768163,6749,6610
S*HiWeb,20181225,6890,6892,6670,6749,63544641679,9415571,6897,6700
S*HiWeb,20181224,7031,7039,6845,6897,59701216583,8656338,7072,6850
S*HiWeb,20181223,6998,7200,6961,7072,1.02011E+11,14423815,6816,7030
S*HiWeb,20181222,6870,6900,6777,6816,32150743369,4716667,6826,6796
S*HiWeb,20181219,6939,6979,6750,6826,51673600002,7570620,6906,6770
S*HiWeb,20181218,6820,7070,6750,6906,49958824484,7234157,6873,6900
S*HiWeb,20181217,7035,7035,6788,6873,69379229299,10094495,7040,6812
S*HiWeb,20181216,7190,7190,7000,7040,65930870898,9365576,7183,7019
S*HiWeb,20181215,7248,7248,7150,7183,30494437253,4245625,7232,7164
S*HiWeb,20181212,7220,7320,7153,7232,53742619676,7431298,7163,7153
S*HiWeb,20181211,7071,7279,7060,7163,47864468944,6681796,7129,7204
S*HiWeb,20181210,7200,7290,7056,7129,1.24893E+11,17520177,7349,7059
S*HiWeb,20181209,7413,7413,7150,7349,2.50267E+11,34055361,7128,7200
S*HiWeb,20181208,7000,7140,6980,7128,89930777716,12616403,6866,7140
S*HiWeb,20181205,6789,6880,6740,6866,87507494725,12744720,6616,6880
S*HiWeb,20181204,6536,6800,6430,6616,1.04965E+11,15865868,6605,6740
S*HiWeb,20181203,6690,6690,6501,6605,88718119985,13432489,6648,6580
S*HiWeb,20181202,6620,6799,6461,6648,87348149279,13139382,6729,6607
S*HiWeb,20181201,6950,6951,6702,6729,1.47998E+11,21993775,6981,6702
S*HiWeb,20181128,7101,7150,6822,6981,1.25975E+11,18046092,7078,6930
S*HiWeb,20181127,7169,7180,7000,7078,1.6223E+11,22920506,7197,7099
S*HiWeb,20181126,7252,7385,7090,7197,1.64486E+11,22856054,7122,7100
S*HiWeb,20181124,6890,7164,6890,7122,1.4555E+11,20438037,6889,7164
S*HiWeb,20181121,6742,6988,6740,6889,92202402674,13383447,6757,6895
S*HiWeb,20181120,6750,6842,6700,6757,72333881377,10705207,6785,6702
S*HiWeb,20181119,6720,6970,6671,6785,1.1643E+11,17158837,6715,6730
S*HiWeb,20181118,6999,7049,6680,6715,2.63338E+11,39214883,6958,6680
S*HiWeb,20181117,7025,7199,6814,6958,1.15429E+11,16590387,7025,6948
S*HiWeb,20181114,7000,7200,6831,7025,1.65518E+11,23560127,7115,7025
S*HiWeb,20181113,7126,7126,6860,7115,4.03267E+11,56677034,6852,7003
S*HiWeb,20181112,6695,6890,6600,6852,1.27591E+11,18621445,6625,6890
S*HiWeb,20181111,6599,6740,6340,6625,1.61552E+11,24384291,6485,6678
S*HiWeb,20181110,6390,6506,6330,6485,2.53386E+11,39070961,6256,6506
S*HiWeb,20181106,6089,6290,6019,6256,2.40217E+11,38398531,6049,6290
S*HiWeb,20181105,5911,6110,5911,6049,43814335827,7242989,5958,6090
S*HiWeb,20181104,6141,6141,5886,5958,96293124250,16161584,6131,5940
S*HiWeb,20181103,6070,6152,5916,6131,1.92789E+11,31442865,5916,6140
S*HiWeb,20181031,5740,5990,5659,5916,1.1372E+11,19222961,5760,5990
S*HiWeb,20181029,5900,5920,5640,5760,60599212804,10520988,5725,5680
S*HiWeb,20181028,5561,5798,5520,5725,72826621732,12720803,5575,5798
S*HiWeb,20181027,5601,5755,5550,5575,1.29455E+11,23221312,5781,5551
S*HiWeb,20181024,6000,6000,5747,5781,2.20967E+11,38219840,5986,5747
S*HiWeb,20181023,6239,6280,5951,5986,1.52821E+11,25530912,6198,5951
S*HiWeb,20181022,6220,6300,6000,6198,1.80746E+11,29163553,6162,6201
S*HiWeb,20181021,6199,6240,6155,6162,4.68196E+11,75984151,6411,6184
S*HiWeb,20181020,6414,6414,6305,6411,4.62764E+11,72187577,6168,6350
S*HiWeb,20181017,6147,6182,5951,6168,5.19708E+11,84265099,5945,6182
S*HiWeb,20181016,5945,5945,5870,5945,2.90573E+11,48877090,5717,5945
S*HiWeb,20181015,5652,5728,5600,5717,74602066167,13048803,5508,5728
S*HiWeb,20181014,5435,5770,5430,5508,24359609849,4423296,5602,5567
S*HiWeb,20181013,5613,5613,5450,5602,4.63599E+11,82752261,5398,5539
S*HiWeb,20181010,5217,5425,5217,5398,1.51063E+11,27982732,5217,5425
S*HiWeb,20181009,5121,5258,4912,5217,1.16763E+11,22383230,5056,5154
S*HiWeb,20181008,5029,5190,5029,5056,1.58738E+11,31397476,5238,5100
S*HiWeb,20181007,5238,5241,5238,5238,39825126503,7603107,5456,5238
S*HiWeb,20181006,5412,5745,5306,5456,1.01949E+11,18686897,5527,5306
S*HiWeb,20181003,5522,5635,5522,5527,1.27363E+11,23044660,5752,5522
S*HiWeb,20181002,5783,5880,5744,5752,69410015024,12067189,5983,5744
S*HiWeb,20181001,6348,6348,5906,5983,2.02529E+11,33853169,6152,5906
S*HiWeb,20180930,6110,6155,6051,6152,2.86642E+11,46594001,5919,6155
S*HiWeb,20180929,5965,6001,5755,5919,2.01367E+11,34021400,5771,6001
S*HiWeb,20180926,5774,5774,5650,5771,2.0409E+11,35365893,5552,5774
S*HiWeb,20180925,5552,5552,5501,5552,98532662013,17747983,5339,5552
S*HiWeb,20180924,5200,5365,5159,5339,1.30456E+11,24433171,5159,5365
S*HiWeb,20180923,5070,5219,5070,5159,1.52624E+11,29586111,5081,5131
S*HiWeb,20180922,5200,5250,5000,5081,1.56631E+11,30824675,5181,5029
S*HiWeb,20180918,5329,5329,5070,5181,97475032170,18813289,5197,5149
S*HiWeb,20180917,5118,5210,5110,5197,1.38599E+11,26669433,5010,5210
S*HiWeb,20180916,5016,5016,4900,5010,3.18347E+11,63539914,4824,5016
S*HiWeb,20180915,4799,4838,4750,4824,66960124553,13880402,4652,4838
S*HiWeb,20180912,4540,4748,4530,4652,1.66321E+11,35753987,4588,4639
S*HiWeb,20180911,4639,4640,4534,4588,1.0844E+11,23635602,4647,4540
S*HiWeb,20180910,4690,4694,4610,4647,1.22396E+11,26337723,4657,4610
S*HiWeb,20180909,4724,4724,4580,4657,99987696924,21472582,4605,4661
S*HiWeb,20180908,4580,4680,4498,4605,1.235E+11,26819321,4540,4640
S*HiWeb,20180905,4671,4684,4498,4540,1.16928E+11,25752968,4684,4500
S*HiWeb,20180904,4703,4765,4602,4684,73111403407,15607975,4623,4612
S*HiWeb,20180903,4740,4746,4580,4623,1.62609E+11,35176419,4770,4669
S*HiWeb,20180902,4898,4898,4746,4770,1.18382E+11,24819584,4943,4746
S*HiWeb,20180901,5120,5130,4856,4943,2.07285E+11,41933831,4981,4898
S*HiWeb,20180829,4830,5181,4820,4981,6.03514E+11,121172976,5010,5161
S*HiWeb,20180828,5010,5010,5010,5010,45738168750,9129375,5218,5010
S*HiWeb,20180827,5218,5218,5218,5218,43255367610,8289645,5435,5218
S*HiWeb,20180826,5435,5435,5435,5435,22579174870,4154402,5545,5435
S*HiWeb,20180825,5545,5545,5545,5545,23114787190,4168582,5658,5545
S*HiWeb,20180821,5658,5658,5658,5658,23775436536,4202092,5773,5658
S*HiWeb,20180820,5861,5861,5744,5773,38255101317,6626475,5980,5744
S*HiWeb,20171212,5798,6041,5710,5980,3.50634E+11,58636608,5754,6041
S*HiWeb,20171211,5826,5826,5555,5754,9.66323E+11,167946120,5549,5669
S*HiWeb,20171210,5549,5549,5549,5549,12567441788,2264812,5285,5549
S*HiWeb,20171209,5285,5285,5285,5285,17825987900,3372940,5034,5285
S*HiWeb,20171205,5034,5034,5034,5034,2.01291E+11,39986323,4795,5034
S*HiWeb,20171028,4730,4824,4730,4795,81082937122,16911498,4595,4824
S*HiWeb,20171025,4602,4646,4551,4595,50171855536,10919593,4508,4560
S*HiWeb,20171024,4423,4630,4410,4508,2.56032E+11,56797414,4441,4594
S*HiWeb,20171023,4440,4498,4415,4441,29116417309,6556139,4409,4416
S*HiWeb,20171022,4433,4433,4401,4409,30975973545,7025310,4434,4405
S*HiWeb,20171021,4495,4495,4401,4434,34580511342,7798461,4466,4401
S*HiWeb,20171018,4500,4540,4440,4466,45297905123,10141925,4536,4446
S*HiWeb,20171017,4501,4568,4431,4536,1.51375E+11,33373458,4505,4510
S*HiWeb,20171016,4433,4549,4433,4505,43608176690,9679007,4432,4512
S*HiWeb,20171015,4487,4487,4402,4432,48088284609,10851278,4515,4447
S*HiWeb,20171014,4500,4580,4480,4515,40470328767,8964434,4494,4490
S*HiWeb,20171011,4570,4580,4451,4494,56649609075,12605664,4645,4485
S*HiWeb,20171010,4644,4699,4551,4645,96327811304,20736996,4540,4571
S*HiWeb,20171009,4439,4620,4411,4540,1.28011E+11,28198096,4411,4590
S*HiWeb,20171008,4500,4508,4380,4411,1.38562E+11,31412273,4610,4440
S*HiWeb,20171007,4655,4737,4520,4610,1.74277E+11,37807869,4594,4569
S*HiWeb,20171004,4551,4628,4519,4594,2.46291E+11,53613786,4408,4628
S*HiWeb,20171003,4500,4588,4361,4408,4.19099E+11,95084554,4590,4475
S*HiWeb,20171002,4599,4636,4500,4590,1.0748E+12,234165389,4416,4530
S*HiWeb,20170927,4416,4416,4416,4416,2.39381E+11,54207697,4206,4416
S*HiWeb,20170926,4206,4206,4206,4206,46299887742,11008057,4006,4206
S*HiWeb,20170925,4006,4006,4006,4006,42378821022,10578837,3816,4006
S*HiWeb,20170924,3816,3816,3816,3816,21995130168,5763923,3635,3816
S*HiWeb,20170923,3635,3635,3635,3635,11723856450,3225270,3462,3635
S*HiWeb,20170920,3462,3462,3462,3462,8183101704,2363692,3298,3462
S*HiWeb,20170918,3298,3298,3298,3298,5369599124,1628138,3141,3298
S*HiWeb,20170917,3141,3141,3141,3141,5093850789,1621729,2992,3141
S*HiWeb,20170916,2992,2992,2992,2992,4805603792,1606151,2850,2992
S*HiWeb,20170913,2850,2850,2850,2850,1.14E+12,400000000,1000,2850
